reg_date,last_Name,first_name,email,zipcode,city,state,street,phone
11/12/08 16:05,curry,mary kate,wmppydaymaker@jumpstartlab.com,21230,baltimore,md,1509 Jackson Street,
12/3/08 21:43,cordova,sarah,202@jumpstartlab.com,21044,columbia,md,5430 Hesperus Drive,
12/4/08 9:21,dzara,greg,jmpender@jumpstartlab.com,20912,takoma park,md,122 Park Avenue,
12/10/08 11:51,chan,jacqueline,dpstrunn@jumpstartlab.com,20904,silver spring,md,4 Delford Ave,
12/10/08 21:42,macconnell,ann,suslandgurl@jumpstartlab.com,21754,ijamsville,md,11025 Graymarsh Place,
12/11/08 18:00,spitz,caitlin,guhn@jumpstartlab.com,20712,mount rainier,md,4405 29th Street,
12/13/08 10:34,fea,megan,mball13@jumpstartlab.com,21208,baltimore,md,2908 Old Court Road,
12/15/08 0:39,taylor,gena,kabbbbbnnnnnnn@jumpstartlab.com,21044,columbia,md,11846 Winterlong Way,
12/18/08 16:21,neer,jordan,oklerd52@jumpstartlab.com,21771,mount airy,md,7501 Mayfair Court,
12/19/08 10:11,bookstein,emma,vranaveytsman@jumpstartlab.com,21784,eldersburg,md,6120 Snowden's Run,
12/19/08 18:35,rios,laura,durkin@jumpstartlab.com,20912,takoma park,md,705 Colby Ave.,
12/20/08 11:32,lam,abby,paul89@jumpstartlab.com,20896,garrett park,md,P O Box 346,
12/20/08 11:43,mathieson,edward,uwackett@jumpstartlab.com,20895,kensington,md,5011 Flanders Ave.,
12/20/08 11:47,stein,urs,oaycejc3@jumpstartlab.com,20814,bethesda,md,5217 Elsmere Ave.,
12/20/08 11:53,forrester,kris,fcuerra1@jumpstartlab.com,20814,bethesda,md,10233 Farnham Drive,
12/20/08 11:58,van beek,helene,vsckmajm@jumpstartlab.com,20902,silver spring,md,11501 Regnid Dr.,
12/20/08 12:05,dahan,jane,sfarrell@jumpstartlab.com,20817,bethesda,md,9802 Holmhurst Rd,
12/20/08 12:18,healey,vinicio,tyicastout@jumpstartlab.com,21797,woodbine,md,2800 Ducall Road,
12/20/08 12:21,farrell,peter,orll18@jumpstartlab.com,20850,rockville,md,117 S Van Buren St,
12/20/08 12:26,wolochow,emily,farrell@jumpstartlab.com,20891,kensington,md,4413 Everett St,
12/20/08 12:34,thibodeaux,viktoria,oiresch@jumpstartlab.com,20906,silver spring,md,3335 Hewitt Ave apt 302,
12/20/08 12:40,epstein,bill,iiomasem@jumpstartlab.com,20910,silver spring,md,2006 Luzerne Ave.,
12/28/08 15:55,de haven,etsu,tidline@jumpstartlab.com,20815,chevy chase,md,2616 Colston Drive,
12/28/08 16:12,hardy,kathryn,vsilliard@jumpstartlab.com,20896,garrett park,md,4400 Cambria Avenue,
1/5/09 16:53,young,max,whitridge@jumpstartlab.com,20737,riverdale,md,5912 Somerset Rd.,
1/7/09 11:58,hayes,mariana,normand@jumpstartlab.com,20912,takoma park,md,"6935 Laurel Ave, #201",
1/7/09 14:52,larkins,robert,gmssicacrivas@jumpstartlab.com,21122,pasadena,md,8094 Ventnor Road,
1/10/09 12:44,ojeh,sarah,bfkelly@jumpstartlab.com,20742,college park,md,8000 Boteler Lane Appt 248A,
1/14/09 23:31,garrett,alex,sullivan@jumpstartlab.com,20742,college park,md,,
1/15/09 15:34,udell,stephanie,ihtherinemhoffman@jumpstartlab.com,20720,bowie,md,"10419 Glen Manor Dr.,",
1/15/09 19:11,frey,dea,ftuffman_k@jumpstartlab.com,21701,frederick,md,401 Rosemont Ave,
1/16/09 15:05,rizzo,joe,eooss_a@jumpstartlab.com,20740,college park,md,,
1/16/09 15:29,panacionne,martina,dqkevill@jumpstartlab.com,21793,walkersville,md,PO Box 82,
1/20/09 19:54,beadle,null,ehdungan@jumpstartlab.com,21157,westminster,md,628 Barnes Ave,
1/20/09 19:58,stafne,ben,crerymac13@jumpstartlab.com,21157,westminster,md,628 Barnes Ave,
1/20/09 20:03,judge,audrie,rhfo8296@jumpstartlab.com,21157,westminster,md,2084 Old Fridinger Mill Rd,
1/20/09 20:08,young,annie,stockman@jumpstartlab.com,21157,westminster,md,2084 Old Fridinger Mill Rd,
1/20/09 20:13,bauer,andrew,kpttri@jumpstartlab.com,21157,westminster,md,3032 Bird View Rd,
1/20/09 20:17,derek,elizabeth,myugg@jumpstartlab.com,21157,westminster,md,3140 Slippery Elm Ct,
1/20/09 20:22,theve,kaitlin,taylor05@jumpstartlab.com,21045,columbia,md,5911 Millrace Ct,
1/20/09 20:27,evans-verret,chuck,qhrphy_jp@jumpstartlab.com,21048,westminster,md,2748 Old Westminster Pike,
1/20/09 20:32,maurer,ali,bsicksam@jumpstartlab.com,21521,cumberland,md,60 Pershing St,
1/20/09 20:38,huber,john,nileyd@jumpstartlab.com,21521,cumberland,md,60 Pershing St,
1/20/09 23:22,ng,catherine,nhrtonwa@jumpstartlab.com,20815,chevy chase,md,3512 Woodbine St,
1/20/09 23:28,calderado,dominika,jnyres@jumpstartlab.com,20740,college park,md,8000 Boteler Lane Apt. 716,
1/20/09 23:36,morris,corey,wvz7y@jumpstartlab.com,20740,college park,md,8000 Boteler Lane Apt. 716,
1/20/09 23:42,lally,nichol,xwckandahalf@jumpstartlab.com,20707,laurel,md,15611 Straughn Drive,
1/20/09 23:46,waisbren,andrew,xkectrae@jumpstartlab.com,20742,college park,md,"247-10 Leonardtown Hall, University of Maryland",
1/20/09 23:50,chan,danielle,dqagles64@jumpstartlab.com,20740,college park,md,"6901 Preinkert Drive, Apt. 6601C",
1/20/09 23:51,bates,sam,gver0030@jumpstartlab.com,20742,college park,md,"4215 Centreville Hall, University of Maryland",
1/20/09 23:54,force,christina,jtessert@jumpstartlab.com,20740,college park,md,8000 Boteler Lane Apt. 716,
1/20/09 23:57,huggenkiss,amelia,namcgaughey@jumpstartlab.com,20740,college park,md,8000 Boteler Lane,
1/20/09 23:59,zwicker,bart,assinclair10@jumpstartlab.com,21409,annapolis,md,1414 Anna Marie Ct.,
1/21/09 0:01,perez,keith,bjui172@jumpstartlab.com,20740,college park,md,8000 Boteler Lane,
1/21/09 0:03,moore,jessie,suowe@jumpstartlab.com,20740,college park,md,8000 Boteler Lane,
1/21/09 13:37,neal,nicole,yyrown47@jumpstartlab.com,21217,baltimore,md,1916 Mt. Royal Terrace,
1/21/09 15:59,schiller,nicolas,sullivan@jumpstartlab.com,20815,chevy chase,md,4910 Cumberland Avenue,
1/21/09 16:45,o'shaughnessy,ian,rwthomaswallace@jumpstartlab.com,21157,westminster,md,628 Barnes Ave,
1/21/09 18:13,burdiss,tracy,fok32@jumpstartlab.com,21228,catonsville,md,28 Heather Hill Rd,
1/21/09 18:17,maccabe,tatiana,gabriel@jumpstartlab.com,21250,baltimore,md,1000 Hilltop Circle,
1/21/09 18:22,lepore,joe,uhenanova3@jumpstartlab.com,21250,baltimore,md,1000 Hilltop Circle,
1/21/09 18:25,peterson,will,if7233a@jumpstartlab.com,21250,baltimore,md,1000 Hilltop Circle,
1/21/09 18:29,somor,bryan,lwxiechick_heeler@jumpstartlab.com,21250,baltimore,md,1000 Hilltop Circle,
1/21/09 18:48,cine,andrew,frkeith@jumpstartlab.com,21084,jarrettsville,md,28 Advocate Hill Dr,
1/21/09 18:53,stockman,jessica,ewmms711@jumpstartlab.com,21250,baltimore,md,1000 Hilltop Circle,
1/21/09 18:57,lumbert,jessica,tl@jumpstartlab.com,21250,baltimore,md,1000 Hilltop Circle,
1/21/09 19:01,placey,catherine,vflly@jumpstartlab.com,21250,baltimore,md,1000 Hilltop Circle,
1/21/09 19:04,hindes,elizabeth,nlristopherbentley@jumpstartlab.com,21250,baltimore,md,1000 Hilltop Circle,
1/21/09 19:10,phillips,shannon,yuhrenwerth@jumpstartlab.com,21250,baltimore,md,1000 Hilltop Circle,
1/21/09 19:12,kiener,gabriela,rosenkvist@jumpstartlab.com,21250,baltimore,md,1000 Hilltop Circle,
1/21/09 19:14,duncombe,ryan,hamp9321@jumpstartlab.com,21250,baltimore,md,1000 Hilltop Circle,
1/21/09 19:39,jenkins,katelyn,kqryan@jumpstartlab.com,21412,annapolis,md,P.O. Box 15403,
1/21/09 20:51,two,david,mcmelhorn@jumpstartlab.com,20906,silver spring,md,14001 Blazer Lane,
1/21/09 21:17,gardner,william,xgc1@jumpstartlab.com,20686,st. mary's city,md,Campus Center 2527 16800 Pt. Lookout Rd,
1/21/09 21:22,rush,francisco,jennings@jumpstartlab.com,20686,st. mary's city,md,"Campus Center #1754, 16800 Point Lookout Rd",
1/21/09 21:30,lapointe,leah,vbmzar@jumpstartlab.com,20686,st. mary's city,md,16800 Point Lookout Rd.,
1/21/09 21:36,barrows,jessica,kphndoe13@jumpstartlab.com,20686,st mary's city,md,16800 Point Lookout Road,
1/21/09 21:44,santiago,kaitlin,gflajagger@jumpstartlab.com,20686,st. mary's city,md,"Campus Center 2714, 16800 Point Lookout Rd.",
1/21/09 21:53,tecleab,sophia,cicampbe@jumpstartlab.com,20686,st mary's city,md,Campus center 1346 16800 point lookout rd,
1/21/09 22:00,oorthuys,robert,awndol_n@jumpstartlab.com,20686,st mary's city,md,16800 Point Lookout Road,
1/21/09 22:00,mussehl,mollie,juworthy@jumpstartlab.com,20686,laurel,md,"Campus Center #1067, 16800 Point Lookout Road",
1/21/09 22:08,lopez,allegra,qssminemerriweather@jumpstartlab.com,20686,st mary's city,md,"Campus Center 1912, 16800 Point Lookout Rd",
1/21/09 22:11,bartlett,ginny,sinclair@jumpstartlab.com,20686,st. mary's city,md,16800 point look road,
1/21/09 22:16,oliver,katya,pemoba6@jumpstartlab.com,20686,st marys city,md,16800 point lookout rd,
1/21/09 22:17,tyson,laney,goyal@jumpstartlab.com,20686,st. mary's city,md,16800 Pt Lookout Rd,
1/21/09 22:19,foley,heather,ctOHNSON716@jumpstartlab.com,20686,st marys city,md,16800 point lookout rd,
1/21/09 22:19,redmond,rachel,tcreilly@jumpstartlab.com,20686,st. marys city,md,16800 Pt Lookout Rd,
1/21/09 22:22,moss,ragini,fries@jumpstartlab.com,20686,st marys city,md,16800 Point lookout rd,
1/21/09 22:26,hillman,kadie,agara_wright@jumpstartlab.com,20686,st marys city,md,16800 Point lookout rd,
1/21/09 22:26,schy,erin,howson@jumpstartlab.com,20686,st. marys city,md,16800 Pt Lookout Rd,
1/21/09 22:28,nutter-upham,aida,guazar@jumpstartlab.com,20686,st marys city,md,16800 Point lookout rd,
1/21/09 22:29,jones,zach,olffj@jumpstartlab.com,20686,st. mary's city,md,16800 Pt Lookout Rd,
1/21/09 22:31,waldo,teen,vf9gw@jumpstartlab.com,20686,st marys city,md,16800 Point lookout rd,
1/21/09 22:31,migliorini,lindsay,jk2184a@jumpstartlab.com,20686,st. mary's city,md,16800 Pt Lookout Rd,
1/21/09 22:33,seeliger,rebecca,yocoburn@jumpstartlab.com,20686,st marys city,md,16800 Point lookout rd,
1/21/09 22:34,dulys-nusbaum,jessica,nvimslopez@jumpstartlab.com,20686,st. mary's city,md,16800 Pt Lookout Rd,
1/21/09 22:35,peeler,stacy,musial@jumpstartlab.com,20686,st marys city,md,16800 Point lookout rd,
1/21/09 22:37,peterson,linda,qaarren@jumpstartlab.com,20686,st. mary's city,md,16800 Pt Lookout Rd,
1/21/09 22:37,hoh,brandon,hleyew@jumpstartlab.com,20686,st marys city,md,16800 Point lookout rd,
1/21/09 22:39,rodriguez,katie,kkhorn@jumpstartlab.com,20686,st. mary's city,md,16800 Point Lookout Rd.,
1/21/09 22:39,bender,nora,daniel@jumpstartlab.com,20686,st marys city,md,16800 point lookout rd,
1/21/09 22:41,kuria,courtney,vlk58@jumpstartlab.com,20686,st marys city,md,16800 Point lookout rd,
1/21/09 22:43,collier,sara,xbenybn@jumpstartlab.com,20686,st marys city,md,16800 Point lookout rd,
1/21/09 22:45,thai,laura,sharrow@jumpstartlab.com,20686,st marys city,md,16800 Point lookout rd,
1/21/09 22:46,fink,john,stiorio@jumpstartlab.com,20686,st. mary's city,md,16800 Point Lookout Rd.,
1/21/09 22:47,chase,myriam,jevesayj@jumpstartlab.com,20686,st marys city,md,16800 Point lookout rd,
1/21/09 22:49,bradley,chris,1@jumpstartlab.com,20686,st. mary's city,md,16800 Point Lookout Rd.,
1/21/09 22:49,warren,danielle,okwhiteman@jumpstartlab.com,20686,st marys cityq,md,16800 Point lookout rd,
1/21/09 22:51,kearney,lisa,vkeygordon@jumpstartlab.com,20686,st marys city,md,16800 Point lookout rd,
1/21/09 22:53,stoneking,gabrielle,jostilllusesabeeper@jumpstartlab.com,20686,st marys city,md,16800 Point lookout rd,
1/21/09 22:53,hall,jake,ifinero@jumpstartlab.com,20686,st. mary's city,md,16800 Point Lookout Rd.,
1/21/09 22:54,ebersole,bret,yhsloa08@jumpstartlab.com,20686,st marys city,md,16800 Point lookout rd,
1/21/09 22:55,houghton,nell,vjm2865@jumpstartlab.com,20686,st. mary's city,md,16800 Point Lookout Rd.,
1/21/09 22:56,wein,robert,yahrison@jumpstartlab.com,20686,st marys city,md,16800 Point lookout rd,
1/21/09 22:58,lopez,ashley,vermideo@jumpstartlab.com,20686,st marys city,md,16800 Point lookout rd,
1/21/09 23:00,jahne,john,qyieff@jumpstartlab.com,20686,st marys city,md,16800 Point lookout rd,
1/21/09 23:00,moskowitz,hannah,rbolley@jumpstartlab.com,20686,yhfh,md,16800 Point Lookout Rd.,
1/21/09 23:01,reay,tony,uxffret@jumpstartlab.com,20686,st marys city,md,16800 Point lookout rd,
1/21/09 23:40,baker,eliza,ykvinga@jumpstartlab.com,21210,baltimore,md,MS 2361 Loyola College 4501 North Charles St,
1/21/09 23:42,fowler,natalie,netite_nombre@jumpstartlab.com,21210,baltimore,md,MS 2361 4501 N Charles St,
1/21/09 23:44,davies,william,rxowden3@jumpstartlab.com,21210,baltimore,md,MS 2361 4501 N. Charles St,
1/21/09 23:46,null,sarah,rcverburg@jumpstartlab.com,21210,baltimore,md,MS 2361 4501 N. Charles St,
1/21/09 23:47,donnelly,jennifer,qxaschreck@jumpstartlab.com,21210,baltimore,md,2361 4501 N. Charles St,
1/21/09 23:49,sullivan,shelby,bereenberg@jumpstartlab.com,21210,baltimore,md,MS 2361 4501 N Charles St,
1/21/09 23:51,evans,courtney,agatsfunny1688@jumpstartlab.com,21210,baltimore,md,MS 3356 Loyola College 4501 N Charles St,
1/21/09 23:53,hunter,wendy,elgerow@jumpstartlab.com,21210,baltimore,md,MS 2361 4501 N Charles St,
1/21/09 23:55,ter kuile,lance,yboaks@jumpstartlab.com,21210,baltimore,md,124,
1/21/09 23:57,whitney,chris,bcisher@jumpstartlab.com,21210,baltimore,md,456,
1/22/09 13:22,mccusker,null,papokuag@jumpstartlab.com,20910,silver spring,md,"1519 East Falkland Ln, Apt 154",
1/24/09 19:54,richards,minrose,klsheac@jumpstartlab.com,20742,college park,md,"5215 Centreville Hall, University of Maryland",
1/26/09 20:47,kolodin,diana,mqrosent@jumpstartlab.com,20817,college park,md,4226A Guilford Dr,
1/26/09 22:24,balinsky-baker,kevin,xlarab1@jumpstartlab.com,20912,takoma park,md,7600 Flower Ave.,
1/26/09 22:27,herman,richard,xb@jumpstartlab.com,20912,takoma park,md,1001 Kennebec Ave.,
1/26/09 22:36,embick,michael,sdfonteyne@jumpstartlab.com,20912,"takoma park,",md,7600 Flower Ave.,
1/26/09 22:43,litzenberg,x,bfoseen@jumpstartlab.com,20866,burtonsville,md,15144 Red Cedar Dr.,
1/26/09 23:11,stachowski,melissa,dnhimjolly@jumpstartlab.com,20866,burtonsville,md,15144 Red Cedar Dr.,
1/26/09 23:23,becker,dani,hastings@jumpstartlab.com,20912,takoma park,md,7600 Flower Ave.,
1/26/09 23:27,lister,milton,dqingold@jumpstartlab.com,20912,takoma park,md,7600 Flower Ave.,
1/27/09 21:47,voutour,laura,tuyrotenberg@jumpstartlab.com,20770,greenbelt,md,2 P Plateau Pl,
1/28/09 8:58,svoboda,jessica,vxitkens724@jumpstartlab.com,21210,baltimore,md,4501 N Charles St. MS 2700,
1/28/09 11:24,doe,jesse,gsaddario@jumpstartlab.com,20904,silver spring,md,1304 Peaceful Lane,
1/28/09 21:54,slote,sheila,holland@jumpstartlab.com,20723,laurel,md,8252 Sandy Stream Road,
1/29/09 10:13,doe,daniel,iicmseac@jumpstartlab.com,20783,hyattsville,md,7951 15th Ave #201,
1/29/09 11:58,hopkins,katie,gbnichol@jumpstartlab.com,21087,kingsville,md,11819 Stoney Batter Road,
1/29/09 15:12,letcheva,laney,pdisb_nuggs@jumpstartlab.com,21742,hagerstown,md,1401 potomac ave,
1/29/09 19:54,see,carl,fuoungma@jumpstartlab.com,20740,college park,md,247-09D Leonardtown,
1/29/09 20:46,borick,matthew,hitchens11@jumpstartlab.com,20742,college park,md,247-09-C New Leonardtown,
1/30/09 10:41,kauffman,alexis,ctnteyj@jumpstartlab.com,21218,baltimore,md,3339 N. Charles St.,
1/30/09 10:53,san roman,whitney,fgoore@jumpstartlab.com,21218,baltimore,md,2 w. University Pkwy,
1/30/09 10:57,tran,eleanor,tiperchick447@jumpstartlab.com,20852,rockville,md,6010 California Cir 114,
1/30/09 11:01,sibelman,ben,kntsosj@jumpstartlab.com,21218,baltimore,md,712 Montpelier,
1/30/09 11:04,thatcher,isabelle,dybosem@jumpstartlab.com,21218,baltimore,md,3339 N. Charles,
1/30/09 11:07,gent,liana,eggordon@jumpstartlab.com,21218,baltimore,md,3900 Halstead,
1/30/09 11:10,bissessar,jessica,kkazirak@jumpstartlab.com,21210,baltimore,md,110 W. 39th,
1/30/09 11:13,matthews,jake,feaversnob@jumpstartlab.com,21218,baltimore,md,3501 st. paul,
1/30/09 11:15,xx,stephen,tull31@jumpstartlab.com,21218,baltimore,md,3339 n charles,
1/30/09 11:18,boyle,laura,vvaterma@jumpstartlab.com,21210,baltimore,md,110 w 39th,
1/30/09 11:21,westwood,john,ngelacolwell@jumpstartlab.com,21218,baltimore,md,3301 n charles st.,
1/30/09 11:23,webster,laura,ows_braun@jumpstartlab.com,21218,baltimore,md,3003 n charles st,
1/30/09 11:26,smith,cassidy,vxurengill@jumpstartlab.com,21218,baltimore,md,3003 n charles st,
1/30/09 12:16,khouang,sherry,ceanzet@jumpstartlab.com,21216,x,md,x,
1/30/09 12:19,caldwell,keonna,lwlarali@jumpstartlab.com,21216,x,md,x,
1/30/09 12:21,student,meghan,txancourt@jumpstartlab.com,21216,x,md,x,
1/30/09 12:23,dutton,catherine,woldorf@jumpstartlab.com,21216,x,md,x,
1/30/09 12:27,sangha,philip,nmnes4re@jumpstartlab.com,21216,x,md,x,
1/30/09 12:29,d'addario,neha,wyusecc@jumpstartlab.com,21216,x,md,x,
1/30/09 12:30,kurs,russell,sackett@jumpstartlab.com,21216,x,md,x,
1/30/09 12:40,rizzo,aditi,odenajean@jumpstartlab.com,21216,x,md,x,
1/30/09 12:43,zahorian,meredith,ypebee3000@jumpstartlab.com,21216,x,md,x,
1/30/09 12:45,thompson,heather,rdm327@jumpstartlab.com,21216,x,md,x,
1/30/09 14:16,howard,null,uqlitzen@jumpstartlab.com,20742,college park,md,"247-10 Leonardtown, University of Maryland",
1/30/09 14:28,sanders,jessica,uvsorens@jumpstartlab.com,21216,x,md,x,
1/30/09 14:30,phillips,melanie,hdaggio@jumpstartlab.com,21216,x,md,x,
1/30/09 14:31,smedick,alicia,saoy3333@jumpstartlab.com,21216,x,md,x,
1/30/09 14:33,mershon,caroline,ny@jumpstartlab.com,21216,x,md,x,
1/30/09 14:37,sprinzen,michael,borgeswallace@jumpstartlab.com,21216,x,md,x,
1/30/09 14:38,hoffbeck,sandddd,nrllinsj4@jumpstartlab.com,21216,x,md,x,
1/30/09 14:39,derwin,holly,gardner@jumpstartlab.com,21216,x,md,x,
1/30/09 14:41,downing,diana,sdhaw1@jumpstartlab.com,21216,x,md,x,
1/30/09 14:43,waldman,sarah,cychelleighguillory@jumpstartlab.com,21216,x,md,x,
1/30/09 14:44,bell,mary,cfeckerp@jumpstartlab.com,21216,x,md,x,
1/30/09 14:46,hawes,bridget,lsmery@jumpstartlab.com,21216,x,md,x,
1/30/09 14:47,cruickshank,philip,plerris@jumpstartlab.com,21216,x,md,x,
1/30/09 14:48,kohnstamm,robert,ruood1988@jumpstartlab.com,21216,x,md,x,
1/30/09 14:49,law,jason,agle_Rosenblad@jumpstartlab.com,21216,x,md,x,
1/30/09 14:51,owens,eric,moilema1@jumpstartlab.com,21216,x,md,x,
1/30/09 14:52,dennis,jillian,urchnibe@jumpstartlab.com,21216,x,md,x,
1/30/09 14:54,pedicone,christie,ixhndoe3@jumpstartlab.com,21216,x,md,x,
1/30/09 14:55,lane,marcellus,nuttydus@jumpstartlab.com,21216,x,md,x,
1/30/09 14:56,miller,valencia,dpaaaaaaaaa@jumpstartlab.com,21216,x,md,x,
1/30/09 14:58,parry,elizabeth,acombard@jumpstartlab.com,21216,x,md,x,
1/30/09 15:00,gill,juliet,tqnniferkrill@jumpstartlab.com,21216,x,md,x,
1/30/09 15:01,howell-dinger,catherine,arnneryis007@jumpstartlab.com,21216,x,md,x,
1/30/09 15:02,marchessault,andrea,ord9@jumpstartlab.com,21216,x,md,x,
1/30/09 15:04,mendez,jane,natowel@jumpstartlab.com,21216,x,md,x,
1/30/09 15:06,ray-mazumder,j,tmclaibo@jumpstartlab.com,21216,x,md,x,
1/30/09 15:09,finkel,lea,dugan@jumpstartlab.com,21216,x,md,x,
1/30/09 15:10,lynch,whitney,ahccernsv@jumpstartlab.com,21216,x,md,x,
1/30/09 15:11,moynahan,michael,hkianhalprin@jumpstartlab.com,21216,x,md,x,
1/30/09 15:13,webster,james,vouljosephpark@jumpstartlab.com,21216,x,md,x,
1/30/09 15:15,carodenuto,catherine,lipinski@jumpstartlab.com,21216,x,md,x,
1/30/09 15:17,heinichen,francesca,lynfranklin@jumpstartlab.com,21216,x,md,x,
1/30/09 15:18,shapiro,elise,aesout08@jumpstartlab.com,21216,x,md,x,
1/30/09 15:20,van eck,andreah,qxcthruhiker17@jumpstartlab.com,21216,x,md,x,
1/30/09 15:21,wright,marci,stratton@jumpstartlab.com,21216,x,md,x,
1/30/09 15:23,skaggs,mary,ijlldurrett@jumpstartlab.com,21216,x,md,x,
1/30/09 15:25,coleman,lorenzo,jjaslett@jumpstartlab.com,21216,x,md,x,
1/30/09 15:28,colehor,andrew,gjlupkin@jumpstartlab.com,21216,x,md,x,
1/30/09 15:29,laird,beth,umt24@jumpstartlab.com,21216,x,md,x,
1/30/09 15:31,dooley-feldman,arielle,kkccrory@jumpstartlab.com,21216,x,md,x,
1/30/09 15:33,maloney,katherine,rcng2106@jumpstartlab.com,21216,x,md,x,
1/30/09 15:34,uzuki,rebecca,gkpagecolby@jumpstartlab.com,21216,x,md,x,
1/30/09 15:36,brown,georgia,pikeAli27@jumpstartlab.com,21216,x,md,x,
1/30/09 15:38,griffin,euric,rcll32@jumpstartlab.com,21216,x,md,x,
1/30/09 15:40,jones,natalie,allegra@jumpstartlab.com,21216,x,md,x,
1/30/09 15:41,reese,stacy,leclare@jumpstartlab.com,21216,x,md,x,
1/30/09 17:50,bolton,charles,tfedina4@jumpstartlab.com,21224,baltimore,md,1010 S. Kenwood Ave.,
1/31/09 6:44,atcheson,tarini,xkracken@jumpstartlab.com,21045,columbia,md,8945 Footed Ridge,
1/31/09 12:02,marden,jamie,jenkins@jumpstartlab.com,20742,college park,md,"4230 Knox Road, Apt. 1530",
1/31/09 12:57,repka,lillian,nywaibi@jumpstartlab.com,20742,college park,md,3109 Cambridge,
1/31/09 14:19,weinstein,natalie,xuwilburn11@jumpstartlab.com,20742,college park,md,"247-9 Leonardtown Hall, University of Maryland",
1/31/09 14:22,cooper,nicholas,yyvidpcorrado@jumpstartlab.com,20740,college park,md,8000 Boteler Lane,
1/31/09 14:52,stewart,shannon,liarry@jumpstartlab.com,21250,baltimore,md,1000 Hilltop Circle,
1/31/09 16:26,manchada,melanie,gxudgens@jumpstartlab.com,20854,potomac,md,1492 Selworthy Rd,
1/31/09 17:27,frederick,steph,krott@jumpstartlab.com,29740,college park,md,8000 Boteler Lane Apt #124A,
1/31/09 17:50,siegel,tamara,dingbodu@jumpstartlab.com,21239,baltimore,md,6905 donachie rd apt f,
1/31/09 17:53,jeff,jay,pmahlstr@jumpstartlab.com,21286,towson,md,303 E. Burke Rd Apt C,
1/31/09 18:08,clancy,laurie,jk@jumpstartlab.com,20895,kensington,md,3115-8 university blvd west,
1/31/09 18:10,white,jane,fpikatri@jumpstartlab.com,21204,towson,md,8007 york rd apt C1,
1/31/09 18:11,brubaker,cara,tvnglese1@jumpstartlab.com,20742,college park,md,6121 Centreville Hall,
1/31/09 18:12,o'bryon,marcelino,jxrrieweikle@jumpstartlab.com,20740,college park,md,8000 Boteler Lane Apt. 124,
1/31/09 18:14,wang,jessica,vwinsa02@jumpstartlab.com,21093,lutherville,md,11209 greenspring ave,
1/31/09 18:18,suzor,kirsten,hwiderc@jumpstartlab.com,20740,college park,md,4603 harvard rd.,
1/31/09 18:21,dougherty,amanda,ukmitch07@jumpstartlab.com,20602,waldorf,md,607 wilson ln,
1/31/09 18:24,griffard,x,skmbolger@jumpstartlab.com,20646,la plata,md,6580 glendale place,
1/31/09 18:28,williams,sarah,dvjaff07@jumpstartlab.com,21136,reisterstown,md,14021 woodlings lane,
1/31/09 18:34,brisbois,sarah,wqlee0808@jumpstartlab.com,21218,baltimore,md,3043 Frisby St.,
1/31/09 18:34,santoro,kelly,davis@jumpstartlab.com,20912,takoma park,md,28 Lee Ave. Apt. 303,
1/31/09 18:37,ogutu,alice,ury1@jumpstartlab.com,21047,fallston,md,3327 charles st,
1/31/09 18:40,fonda-bonardi,stephen,rilking_contradiction_27@jumpstartlab.com,20601,waldorf,md,3802 brewster circle,
1/31/09 18:42,pfeffer,jordan,xfanjarr@jumpstartlab.com,20912,takoma park,md,251 manor circle,
1/31/09 18:45,nayeem,hilary,lhavis@jumpstartlab.com,20912,takoma park,md,251 manor circle,
1/31/09 19:29,syrig,charlotte,wwedellstiles@jumpstartlab.com,20782,hyattsville,md,6201 41st Ave,
1/31/09 19:36,reinauer,zachary,qrantiag@jumpstartlab.com,20742,college park,md,5218 Centreville,
1/31/09 19:56,barker,emma,rcberger@jumpstartlab.com,20816,bethesda,md,2 Bay Tree Lane,
2/1/09 9:32,zamudio,bradly,fyaronsmith@jumpstartlab.com,20742,college park,md,1102 Somerset Hall,
2/1/09 13:07,sager,megan,shindel@jumpstartlab.com,20781,hyattsville,md,4227 Oglethorpe St.,
2/1/09 14:14,gupta,null,sxhndoe14@jumpstartlab.com,20910,silver spring,md,"1133 E West Hwy, Ste 319-W",
2/1/09 16:45,doe,meredith,uimenez@jumpstartlab.com,20740,college park,md,8000 Travis Ln,
2/1/09 17:05,fencl,zach,smTAK@jumpstartlab.com,20740,college park,md,"8204 Baltimore Ave, Apt 718B",
2/1/09 18:45,zimmer,brandon,mmockc6@jumpstartlab.com,21701,frederick,md,401 Rosemont Ave.,
2/1/09 20:44,lazarowski,paul,qnudmer@jumpstartlab.com,20860,sandy spring,md,17714 Meetinghouse Rd,
2/1/09 20:49,august,shane,anhilips@jumpstartlab.com,20912,takoma park,md,1012 Heather Ave,
2/1/09 20:52,barns,leslie,ufoff@jumpstartlab.com,21788,thurmont,md,24 JerMae St,
2/1/09 20:53,parker,scott,qhuer321@jumpstartlab.com,20833,brookeville,md,19308 Alderbarn Ct,
2/1/09 21:09,patrick,shannon,foshankland@jumpstartlab.com,20850,rockvile,md,4 Vallingby Circle,
2/1/09 21:13,haskell,sophia,gbffb_123@jumpstartlab.com,20770,greenbelt,md,14-N Laurel Hill Road,
2/1/09 21:20,arnold,rose,oqenville@jumpstartlab.com,20906,silver spring,md,6 Middlebridge Ct,
2/1/09 21:23,dickson,alison,xoolloway10@jumpstartlab.com,20854,potomac,md,8158 Inverness Ridge Road,
2/1/09 21:27,xx,eliza,mary89@jumpstartlab.com,20854,potomac,md,11713 Charen Lane,
2/1/09 21:37,chronis,kirsten,frmooski@jumpstartlab.com,20723,laurel,md,10584 Hunters Way,
2/1/09 21:41,dewolf,dominique,xwh001@jumpstartlab.com,20901,silver spring,md,9407 Worth Ave,
2/1/09 21:45,wetherill,sam,fyvegetarian@jumpstartlab.com,20901,silver spring,md,10823 Margate Road,
2/1/09 21:48,comer,x,iaivings@jumpstartlab.com,20815,chevy chase,md,3708 Underwood Rd,
2/1/09 21:52,roy,katie,dhigsi01@jumpstartlab.com,20782,hyattsville,md,6201 41st Ave,
2/1/09 21:53,avendano,jessica,ruoore10@jumpstartlab.com,20902,silver spring,md,1814 August Dr,
2/1/09 21:56,marquis,lauren,fqenshen@jumpstartlab.com,20902,wheaton,md,2103 Hermitage Road,
2/1/09 21:59,spero,michael,kuhnline@jumpstartlab.com,20901,silver spring,md,8905 Sudbury Road,
2/1/09 22:09,theden,liam,psmcgrew@jumpstartlab.com,20905,silver spring,md,2217 Link Road,
2/1/09 22:13,siegler,stephanie,npmaho06@jumpstartlab.com,20782,university park,md,6905 Pineway Ave,
2/1/09 22:19,wofford,ruth,paallmeyer@jumpstartlab.com,20815,chevy chase,md,7423 Lynnhurst Street,
2/1/09 22:30,schwaneke,jane,fjh224@jumpstartlab.com,20850,rockville,md,310 Crabb Avenue,
2/1/09 22:35,tedrow,sajeewa,gerumber@jumpstartlab.com,20855,derwood,md,7710 Iron Forge Court,
2/1/09 22:37,mccall,rhiannon,plgermal@jumpstartlab.com,20742,college park,md,4111 Elkton Hall,
2/1/09 22:38,queen,shannen,manglik@jumpstartlab.com,20832,olney,md,4105 Alfalfa Terrace,
2/1/09 23:11,smith,meg,jy379@jumpstartlab.com,20740,college park,md,5024 Berwyn Road,
2/1/09 23:12,lkjklljlkj,arden,hslftylerblue@jumpstartlab.com,20742,college park,md,3106 Dorchester Hall,
2/1/09 23:20,baker,kara,bischoff@jumpstartlab.com,20912,takoma park,md,7600 Flower Ave.,
2/1/09 23:25,catellacci,genevieve,Kriegel@jumpstartlab.com,20742,college park,md,6109 Hagerstown Hall,
2/1/09 23:26,gromisch,eliza,lqmoresch@jumpstartlab.com,21701,frederick,md,8241 Black Hawk Court,
2/1/09 23:29,tale,dordt,qxope@jumpstartlab.com,20742,college park,md,5104 Denton Hall,
2/1/09 23:30,rueter,christian,xlean@jumpstartlab.com,21804,salisbury,md,224 Onley Road #103-A,
2/1/09 23:33,gosse,sarah,bsore@jumpstartlab.com,20912,takoma park,md,7600 Flower Ave.,
2/1/09 23:33,brummel,austin,lpldor_a@jumpstartlab.com,20740,college park,md,8000 Boteler Lane,
2/1/09 23:39,kolb,joseph,avdisido@jumpstartlab.com,20740,college park,md,8000 Boteler Lane,
2/1/09 23:43,holleb,seth,ouitlinef324@jumpstartlab.com,20740,college park,md,"4226 Guilford Drive, Apt A",
2/1/09 23:47,holdaway,jordan,ekazanec@jumpstartlab.com,20742,college park,md,8133 Hagerstown Hall,
2/1/09 23:53,gladfelter,lorena,ylnjen3323@jumpstartlab.com,21157,westminster,md,2 College Hill,
2/2/09 0:03,rawstron,ben,xjpivey@jumpstartlab.com,20782,hyattsville,md,6201 41st Ave,
2/2/09 0:07,butler,laura,drCyprian@jumpstartlab.com,20742,college park,md,247-9C New Leonardtown,
2/2/09 0:22,sorenson,jake,pqowen09@jumpstartlab.com,20740,college park,md,4902 Cherokee Street,
2/2/09 6:55,wolfson,kyle,gjethin@jumpstartlab.com,20712,mount rainier,md,4004 32nd St,
2/2/09 9:47,spence,kerry,cghsjp@jumpstartlab.com,20740,college park,md,7400 Columbia Ave,
2/2/09 10:30,aungst,dan,vmrthsaver@jumpstartlab.com,20657,lusby,md,12545 Catalina Drive,
11/12/08 16:05,curry,mary kate,wmppydaymaker@jumpstartlab.com,21230,baltimore,md,1509 Jackson Street,
12/3/08 21:43,cordova,sarah,202@jumpstartlab.com,21044,columbia,md,5430 Hesperus Drive,
12/4/08 9:21,dzara,greg,jmpender@jumpstartlab.com,20912,takoma park,md,122 Park Avenue,
12/10/08 11:51,chan,jacqueline,dpstrunn@jumpstartlab.com,20904,silver spring,md,4 Delford Ave,
12/10/08 21:42,macconnell,ann,suslandgurl@jumpstartlab.com,21754,ijamsville,md,11025 Graymarsh Place,
12/11/08 18:00,spitz,caitlin,guhn@jumpstartlab.com,20712,mount rainier,md,4405 29th Street,
12/13/08 10:34,fea,megan,mball13@jumpstartlab.com,21208,baltimore,md,2908 Old Court Road,
12/15/08 0:39,taylor,gena,kabbbbbnnnnnnn@jumpstartlab.com,21044,columbia,md,11846 Winterlong Way,
12/18/08 16:21,neer,jordan,oklerd52@jumpstartlab.com,21771,mount airy,md,7501 Mayfair Court,
12/19/08 10:11,bookstein,emma,vranaveytsman@jumpstartlab.com,21784,eldersburg,md,6120 Snowden's Run,
12/19/08 18:35,rios,laura,durkin@jumpstartlab.com,20912,takoma park,md,705 Colby Ave.,
12/20/08 11:32,lam,abby,paul89@jumpstartlab.com,20896,garrett park,md,P O Box 346,
12/20/08 11:43,mathieson,edward,uwackett@jumpstartlab.com,20895,kensington,md,5011 Flanders Ave.,
12/20/08 11:47,stein,urs,oaycejc3@jumpstartlab.com,20814,bethesda,md,5217 Elsmere Ave.,
12/20/08 11:53,forrester,kris,fcuerra1@jumpstartlab.com,20814,bethesda,md,10233 Farnham Drive,
12/20/08 11:58,van beek,helene,vsckmajm@jumpstartlab.com,20902,silver spring,md,11501 Regnid Dr.,
12/20/08 12:05,dahan,jane,sfarrell@jumpstartlab.com,20817,bethesda,md,9802 Holmhurst Rd,
12/20/08 12:18,healey,vinicio,tyicastout@jumpstartlab.com,21797,woodbine,md,2800 Ducall Road,
12/20/08 12:21,farrell,peter,orll18@jumpstartlab.com,20850,rockville,md,117 S Van Buren St,
12/20/08 12:26,wolochow,emily,farrell@jumpstartlab.com,20891,kensington,md,4413 Everett St,
12/20/08 12:34,thibodeaux,viktoria,oiresch@jumpstartlab.com,20906,silver spring,md,3335 Hewitt Ave apt 302,
12/20/08 12:40,epstein,bill,iiomasem@jumpstartlab.com,20910,silver spring,md,2006 Luzerne Ave.,
12/28/08 15:55,de haven,etsu,tidline@jumpstartlab.com,20815,chevy chase,md,2616 Colston Drive,
12/28/08 16:12,hardy,kathryn,vsilliard@jumpstartlab.com,20896,garrett park,md,4400 Cambria Avenue,
1/5/09 16:53,young,max,whitridge@jumpstartlab.com,20737,riverdale,md,5912 Somerset Rd.,
1/7/09 11:58,hayes,mariana,normand@jumpstartlab.com,20912,takoma park,md,"6935 Laurel Ave, #201",
1/7/09 14:52,larkins,robert,gmssicacrivas@jumpstartlab.com,21122,pasadena,md,8094 Ventnor Road,
1/10/09 12:44,ojeh,sarah,bfkelly@jumpstartlab.com,20742,college park,md,8000 Boteler Lane Appt 248A,
1/14/09 23:31,garrett,alex,sullivan@jumpstartlab.com,20742,college park,md,,
1/15/09 15:34,udell,stephanie,ihtherinemhoffman@jumpstartlab.com,20720,bowie,md,"10419 Glen Manor Dr.,",
1/15/09 19:11,frey,dea,ftuffman_k@jumpstartlab.com,21701,frederick,md,401 Rosemont Ave,
1/16/09 15:05,rizzo,joe,eooss_a@jumpstartlab.com,20740,college park,md,,
1/16/09 15:29,panacionne,martina,dqkevill@jumpstartlab.com,21793,walkersville,md,PO Box 82,
1/20/09 19:54,beadle,null,ehdungan@jumpstartlab.com,21157,westminster,md,628 Barnes Ave,
1/20/09 19:58,stafne,ben,crerymac13@jumpstartlab.com,21157,westminster,md,628 Barnes Ave,
1/20/09 20:03,judge,audrie,rhfo8296@jumpstartlab.com,21157,westminster,md,2084 Old Fridinger Mill Rd,
1/20/09 20:08,young,annie,stockman@jumpstartlab.com,21157,westminster,md,2084 Old Fridinger Mill Rd,
1/20/09 20:13,bauer,andrew,kpttri@jumpstartlab.com,21157,westminster,md,3032 Bird View Rd,
1/20/09 20:17,derek,elizabeth,myugg@jumpstartlab.com,21157,westminster,md,3140 Slippery Elm Ct,
1/20/09 20:22,theve,kaitlin,taylor05@jumpstartlab.com,21045,columbia,md,5911 Millrace Ct,
1/20/09 20:27,evans-verret,chuck,qhrphy_jp@jumpstartlab.com,21048,westminster,md,2748 Old Westminster Pike,
1/20/09 20:32,maurer,ali,bsicksam@jumpstartlab.com,21521,cumberland,md,60 Pershing St,
1/20/09 20:38,huber,john,nileyd@jumpstartlab.com,21521,cumberland,md,60 Pershing St,
1/20/09 23:22,ng,catherine,nhrtonwa@jumpstartlab.com,20815,chevy chase,md,3512 Woodbine St,
1/20/09 23:28,calderado,dominika,jnyres@jumpstartlab.com,20740,college park,md,8000 Boteler Lane Apt. 716,
1/20/09 23:36,morris,corey,wvz7y@jumpstartlab.com,20740,college park,md,8000 Boteler Lane Apt. 716,
1/20/09 23:42,lally,nichol,xwckandahalf@jumpstartlab.com,20707,laurel,md,15611 Straughn Drive,
1/20/09 23:46,waisbren,andrew,xkectrae@jumpstartlab.com,20742,college park,md,"247-10 Leonardtown Hall, University of Maryland",
1/20/09 23:50,chan,danielle,dqagles64@jumpstartlab.com,20740,college park,md,"6901 Preinkert Drive, Apt. 6601C",
1/20/09 23:51,bates,sam,gver0030@jumpstartlab.com,20742,college park,md,"4215 Centreville Hall, University of Maryland",
1/20/09 23:54,force,christina,jtessert@jumpstartlab.com,20740,college park,md,8000 Boteler Lane Apt. 716,
1/20/09 23:57,huggenkiss,amelia,namcgaughey@jumpstartlab.com,20740,college park,md,8000 Boteler Lane,
1/20/09 23:59,zwicker,bart,assinclair10@jumpstartlab.com,21409,annapolis,md,1414 Anna Marie Ct.,
1/21/09 0:01,perez,keith,bjui172@jumpstartlab.com,20740,college park,md,8000 Boteler Lane,
1/21/09 0:03,moore,jessie,suowe@jumpstartlab.com,20740,college park,md,8000 Boteler Lane,
1/21/09 13:37,neal,nicole,yyrown47@jumpstartlab.com,21217,baltimore,md,1916 Mt. Royal Terrace,
1/21/09 15:59,schiller,nicolas,sullivan@jumpstartlab.com,20815,chevy chase,md,4910 Cumberland Avenue,
1/21/09 16:45,o'shaughnessy,ian,rwthomaswallace@jumpstartlab.com,21157,westminster,md,628 Barnes Ave,
1/21/09 18:13,burdiss,tracy,fok32@jumpstartlab.com,21228,catonsville,md,28 Heather Hill Rd,
1/21/09 18:17,maccabe,tatiana,gabriel@jumpstartlab.com,21250,baltimore,md,1000 Hilltop Circle,
1/21/09 18:22,lepore,joe,uhenanova3@jumpstartlab.com,21250,baltimore,md,1000 Hilltop Circle,
1/21/09 18:25,peterson,will,if7233a@jumpstartlab.com,21250,baltimore,md,1000 Hilltop Circle,
1/21/09 18:29,somor,bryan,lwxiechick_heeler@jumpstartlab.com,21250,baltimore,md,1000 Hilltop Circle,
1/21/09 18:48,cine,andrew,frkeith@jumpstartlab.com,21084,jarrettsville,md,28 Advocate Hill Dr,
1/21/09 18:53,stockman,jessica,ewmms711@jumpstartlab.com,21250,baltimore,md,1000 Hilltop Circle,
1/21/09 18:57,lumbert,jessica,tl@jumpstartlab.com,21250,baltimore,md,1000 Hilltop Circle,
1/21/09 19:01,placey,catherine,vflly@jumpstartlab.com,21250,baltimore,md,1000 Hilltop Circle,
1/21/09 19:04,hindes,elizabeth,nlristopherbentley@jumpstartlab.com,21250,baltimore,md,1000 Hilltop Circle,
1/21/09 19:10,phillips,shannon,yuhrenwerth@jumpstartlab.com,21250,baltimore,md,1000 Hilltop Circle,
1/21/09 19:12,kiener,gabriela,rosenkvist@jumpstartlab.com,21250,baltimore,md,1000 Hilltop Circle,
1/21/09 19:14,duncombe,ryan,hamp9321@jumpstartlab.com,21250,baltimore,md,1000 Hilltop Circle,
1/21/09 19:39,jenkins,katelyn,kqryan@jumpstartlab.com,21412,annapolis,md,P.O. Box 15403,
1/21/09 20:51,two,david,mcmelhorn@jumpstartlab.com,20906,silver spring,md,14001 Blazer Lane,
1/21/09 21:17,gardner,william,xgc1@jumpstartlab.com,20686,st. mary's city,md,Campus Center 2527 16800 Pt. Lookout Rd,
1/21/09 21:22,rush,francisco,jennings@jumpstartlab.com,20686,st. mary's city,md,"Campus Center #1754, 16800 Point Lookout Rd",
1/21/09 21:30,lapointe,leah,vbmzar@jumpstartlab.com,20686,st. mary's city,md,16800 Point Lookout Rd.,
1/21/09 21:36,barrows,jessica,kphndoe13@jumpstartlab.com,20686,st mary's city,md,16800 Point Lookout Road,
1/21/09 21:44,santiago,kaitlin,gflajagger@jumpstartlab.com,20686,st. mary's city,md,"Campus Center 2714, 16800 Point Lookout Rd.",
1/21/09 21:53,tecleab,sophia,cicampbe@jumpstartlab.com,20686,st mary's city,md,Campus center 1346 16800 point lookout rd,
1/21/09 22:00,oorthuys,robert,awndol_n@jumpstartlab.com,20686,st mary's city,md,16800 Point Lookout Road,
1/21/09 22:00,mussehl,mollie,juworthy@jumpstartlab.com,20686,laurel,md,"Campus Center #1067, 16800 Point Lookout Road",
1/21/09 22:08,lopez,allegra,qssminemerriweather@jumpstartlab.com,20686,st mary's city,md,"Campus Center 1912, 16800 Point Lookout Rd",
1/21/09 22:11,bartlett,ginny,sinclair@jumpstartlab.com,20686,st. mary's city,md,16800 point look road,
1/21/09 22:16,oliver,katya,pemoba6@jumpstartlab.com,20686,st marys city,md,16800 point lookout rd,
1/21/09 22:17,tyson,laney,goyal@jumpstartlab.com,20686,st. mary's city,md,16800 Pt Lookout Rd,
1/21/09 22:19,foley,heather,ctOHNSON716@jumpstartlab.com,20686,st marys city,md,16800 point lookout rd,
1/21/09 22:19,redmond,rachel,tcreilly@jumpstartlab.com,20686,st. marys city,md,16800 Pt Lookout Rd,
1/21/09 22:22,moss,ragini,fries@jumpstartlab.com,20686,st marys city,md,16800 Point lookout rd,
1/21/09 22:26,hillman,kadie,agara_wright@jumpstartlab.com,20686,st marys city,md,16800 Point lookout rd,
1/21/09 22:26,schy,erin,howson@jumpstartlab.com,20686,st. marys city,md,16800 Pt Lookout Rd,
1/21/09 22:28,nutter-upham,aida,guazar@jumpstartlab.com,20686,st marys city,md,16800 Point lookout rd,
1/21/09 22:29,jones,zach,olffj@jumpstartlab.com,20686,st. mary's city,md,16800 Pt Lookout Rd,
1/21/09 22:31,waldo,teen,vf9gw@jumpstartlab.com,20686,st marys city,md,16800 Point lookout rd,
1/21/09 22:31,migliorini,lindsay,jk2184a@jumpstartlab.com,20686,st. mary's city,md,16800 Pt Lookout Rd,
1/21/09 22:33,seeliger,rebecca,yocoburn@jumpstartlab.com,20686,st marys city,md,16800 Point lookout rd,
1/21/09 22:34,dulys-nusbaum,jessica,nvimslopez@jumpstartlab.com,20686,st. mary's city,md,16800 Pt Lookout Rd,
1/21/09 22:35,peeler,stacy,musial@jumpstartlab.com,20686,st marys city,md,16800 Point lookout rd,
1/21/09 22:37,peterson,linda,qaarren@jumpstartlab.com,20686,st. mary's city,md,16800 Pt Lookout Rd,
1/21/09 22:37,hoh,brandon,hleyew@jumpstartlab.com,20686,st marys city,md,16800 Point lookout rd,
1/21/09 22:39,rodriguez,katie,kkhorn@jumpstartlab.com,20686,st. mary's city,md,16800 Point Lookout Rd.,
1/21/09 22:39,bender,nora,daniel@jumpstartlab.com,20686,st marys city,md,16800 point lookout rd,
1/21/09 22:41,kuria,courtney,vlk58@jumpstartlab.com,20686,st marys city,md,16800 Point lookout rd,
1/21/09 22:43,collier,sara,xbenybn@jumpstartlab.com,20686,st marys city,md,16800 Point lookout rd,
1/21/09 22:45,thai,laura,sharrow@jumpstartlab.com,20686,st marys city,md,16800 Point lookout rd,
1/21/09 22:46,fink,john,stiorio@jumpstartlab.com,20686,st. mary's city,md,16800 Point Lookout Rd.,
1/21/09 22:47,chase,myriam,jevesayj@jumpstartlab.com,20686,st marys city,md,16800 Point lookout rd,
1/21/09 22:49,bradley,chris,1@jumpstartlab.com,20686,st. mary's city,md,16800 Point Lookout Rd.,
1/21/09 22:49,warren,danielle,okwhiteman@jumpstartlab.com,20686,st marys cityq,md,16800 Point lookout rd,
1/21/09 22:51,kearney,lisa,vkeygordon@jumpstartlab.com,20686,st marys city,md,16800 Point lookout rd,
1/21/09 22:53,stoneking,gabrielle,jostilllusesabeeper@jumpstartlab.com,20686,st marys city,md,16800 Point lookout rd,
1/21/09 22:53,hall,jake,ifinero@jumpstartlab.com,20686,st. mary's city,md,16800 Point Lookout Rd.,
1/21/09 22:54,ebersole,bret,yhsloa08@jumpstartlab.com,20686,st marys city,md,16800 Point lookout rd,
1/21/09 22:55,houghton,nell,vjm2865@jumpstartlab.com,20686,st. mary's city,md,16800 Point Lookout Rd.,
1/21/09 22:56,wein,robert,yahrison@jumpstartlab.com,20686,st marys city,md,16800 Point lookout rd,
1/21/09 22:58,lopez,ashley,vermideo@jumpstartlab.com,20686,st marys city,md,16800 Point lookout rd,
1/21/09 23:00,jahne,john,qyieff@jumpstartlab.com,20686,st marys city,md,16800 Point lookout rd,
1/21/09 23:00,moskowitz,hannah,rbolley@jumpstartlab.com,20686,yhfh,md,16800 Point Lookout Rd.,
1/21/09 23:01,reay,tony,uxffret@jumpstartlab.com,20686,st marys city,md,16800 Point lookout rd,
1/21/09 23:40,baker,eliza,ykvinga@jumpstartlab.com,21210,baltimore,md,MS 2361 Loyola College 4501 North Charles St,
1/21/09 23:42,fowler,natalie,netite_nombre@jumpstartlab.com,21210,baltimore,md,MS 2361 4501 N Charles St,
1/21/09 23:44,davies,william,rxowden3@jumpstartlab.com,21210,baltimore,md,MS 2361 4501 N. Charles St,
1/21/09 23:46,null,sarah,rcverburg@jumpstartlab.com,21210,baltimore,md,MS 2361 4501 N. Charles St,
1/21/09 23:47,donnelly,jennifer,qxaschreck@jumpstartlab.com,21210,baltimore,md,2361 4501 N. Charles St,
1/21/09 23:49,sullivan,shelby,bereenberg@jumpstartlab.com,21210,baltimore,md,MS 2361 4501 N Charles St,
1/21/09 23:51,evans,courtney,agatsfunny1688@jumpstartlab.com,21210,baltimore,md,MS 3356 Loyola College 4501 N Charles St,
1/21/09 23:53,hunter,wendy,elgerow@jumpstartlab.com,21210,baltimore,md,MS 2361 4501 N Charles St,
1/21/09 23:55,ter kuile,lance,yboaks@jumpstartlab.com,21210,baltimore,md,124,
1/21/09 23:57,whitney,chris,bcisher@jumpstartlab.com,21210,baltimore,md,456,
1/22/09 13:22,mccusker,null,papokuag@jumpstartlab.com,20910,silver spring,md,"1519 East Falkland Ln, Apt 154",
1/24/09 19:54,richards,minrose,klsheac@jumpstartlab.com,20742,college park,md,"5215 Centreville Hall, University of Maryland",
1/26/09 20:47,kolodin,diana,mqrosent@jumpstartlab.com,20817,college park,md,4226A Guilford Dr,
1/26/09 22:24,balinsky-baker,kevin,xlarab1@jumpstartlab.com,20912,takoma park,md,7600 Flower Ave.,
1/26/09 22:27,herman,richard,xb@jumpstartlab.com,20912,takoma park,md,1001 Kennebec Ave.,
1/26/09 22:36,embick,michael,sdfonteyne@jumpstartlab.com,20912,"takoma park,",md,7600 Flower Ave.,
1/26/09 22:43,litzenberg,x,bfoseen@jumpstartlab.com,20866,burtonsville,md,15144 Red Cedar Dr.,
1/26/09 23:11,stachowski,melissa,dnhimjolly@jumpstartlab.com,20866,burtonsville,md,15144 Red Cedar Dr.,
1/26/09 23:23,becker,dani,hastings@jumpstartlab.com,20912,takoma park,md,7600 Flower Ave.,
1/26/09 23:27,lister,milton,dqingold@jumpstartlab.com,20912,takoma park,md,7600 Flower Ave.,
1/27/09 21:47,voutour,laura,tuyrotenberg@jumpstartlab.com,20770,greenbelt,md,2 P Plateau Pl,
1/28/09 8:58,svoboda,jessica,vxitkens724@jumpstartlab.com,21210,baltimore,md,4501 N Charles St. MS 2700,
1/28/09 11:24,doe,jesse,gsaddario@jumpstartlab.com,20904,silver spring,md,1304 Peaceful Lane,
1/28/09 21:54,slote,sheila,holland@jumpstartlab.com,20723,laurel,md,8252 Sandy Stream Road,
1/29/09 10:13,doe,daniel,iicmseac@jumpstartlab.com,20783,hyattsville,md,7951 15th Ave #201,
1/29/09 11:58,hopkins,katie,gbnichol@jumpstartlab.com,21087,kingsville,md,11819 Stoney Batter Road,
1/29/09 15:12,letcheva,laney,pdisb_nuggs@jumpstartlab.com,21742,hagerstown,md,1401 potomac ave,
1/29/09 19:54,see,carl,fuoungma@jumpstartlab.com,20740,college park,md,247-09D Leonardtown,
1/29/09 20:46,borick,matthew,hitchens11@jumpstartlab.com,20742,college park,md,247-09-C New Leonardtown,
1/30/09 10:41,kauffman,alexis,ctnteyj@jumpstartlab.com,21218,baltimore,md,3339 N. Charles St.,
1/30/09 10:53,san roman,whitney,fgoore@jumpstartlab.com,21218,baltimore,md,2 w. University Pkwy,
1/30/09 10:57,tran,eleanor,tiperchick447@jumpstartlab.com,20852,rockville,md,6010 California Cir 114,
1/30/09 11:01,sibelman,ben,kntsosj@jumpstartlab.com,21218,baltimore,md,712 Montpelier,
1/30/09 11:04,thatcher,isabelle,dybosem@jumpstartlab.com,21218,baltimore,md,3339 N. Charles,
1/30/09 11:07,gent,liana,eggordon@jumpstartlab.com,21218,baltimore,md,3900 Halstead,
1/30/09 11:10,bissessar,jessica,kkazirak@jumpstartlab.com,21210,baltimore,md,110 W. 39th,
1/30/09 11:13,matthews,jake,feaversnob@jumpstartlab.com,21218,baltimore,md,3501 st. paul,
1/30/09 11:15,xx,stephen,tull31@jumpstartlab.com,21218,baltimore,md,3339 n charles,
1/30/09 11:18,boyle,laura,vvaterma@jumpstartlab.com,21210,baltimore,md,110 w 39th,
1/30/09 11:21,westwood,john,ngelacolwell@jumpstartlab.com,21218,baltimore,md,3301 n charles st.,
1/30/09 11:23,webster,laura,ows_braun@jumpstartlab.com,21218,baltimore,md,3003 n charles st,
1/30/09 11:26,smith,cassidy,vxurengill@jumpstartlab.com,21218,baltimore,md,3003 n charles st,
1/30/09 12:16,khouang,sherry,ceanzet@jumpstartlab.com,21216,x,md,x,
1/30/09 12:19,caldwell,keonna,lwlarali@jumpstartlab.com,21216,x,md,x,
1/30/09 12:21,student,meghan,txancourt@jumpstartlab.com,21216,x,md,x,
1/30/09 12:23,dutton,catherine,woldorf@jumpstartlab.com,21216,x,md,x,
1/30/09 12:27,sangha,philip,nmnes4re@jumpstartlab.com,21216,x,md,x,
1/30/09 12:29,d'addario,neha,wyusecc@jumpstartlab.com,21216,x,md,x,
1/30/09 12:30,kurs,russell,sackett@jumpstartlab.com,21216,x,md,x,
1/30/09 12:40,rizzo,aditi,odenajean@jumpstartlab.com,21216,x,md,x,
1/30/09 12:43,zahorian,meredith,ypebee3000@jumpstartlab.com,21216,x,md,x,
1/30/09 12:45,thompson,heather,rdm327@jumpstartlab.com,21216,x,md,x,
1/30/09 14:16,howard,null,uqlitzen@jumpstartlab.com,20742,college park,md,"247-10 Leonardtown, University of Maryland",
1/30/09 14:28,sanders,jessica,uvsorens@jumpstartlab.com,21216,x,md,x,
1/30/09 14:30,phillips,melanie,hdaggio@jumpstartlab.com,21216,x,md,x,
1/30/09 14:31,smedick,alicia,saoy3333@jumpstartlab.com,21216,x,md,x,
1/30/09 14:33,mershon,caroline,ny@jumpstartlab.com,21216,x,md,x,
1/30/09 14:37,sprinzen,michael,borgeswallace@jumpstartlab.com,21216,x,md,x,
1/30/09 14:38,hoffbeck,sandddd,nrllinsj4@jumpstartlab.com,21216,x,md,x,
1/30/09 14:39,derwin,holly,gardner@jumpstartlab.com,21216,x,md,x,
1/30/09 14:41,downing,diana,sdhaw1@jumpstartlab.com,21216,x,md,x,
1/30/09 14:43,waldman,sarah,cychelleighguillory@jumpstartlab.com,21216,x,md,x,
1/30/09 14:44,bell,mary,cfeckerp@jumpstartlab.com,21216,x,md,x,
1/30/09 14:46,hawes,bridget,lsmery@jumpstartlab.com,21216,x,md,x,
1/30/09 14:47,cruickshank,philip,plerris@jumpstartlab.com,21216,x,md,x,
1/30/09 14:48,kohnstamm,robert,ruood1988@jumpstartlab.com,21216,x,md,x,
1/30/09 14:49,law,jason,agle_Rosenblad@jumpstartlab.com,21216,x,md,x,
1/30/09 14:51,owens,eric,moilema1@jumpstartlab.com,21216,x,md,x,
1/30/09 14:52,dennis,jillian,urchnibe@jumpstartlab.com,21216,x,md,x,
1/30/09 14:54,pedicone,christie,ixhndoe3@jumpstartlab.com,21216,x,md,x,
1/30/09 14:55,lane,marcellus,nuttydus@jumpstartlab.com,21216,x,md,x,
1/30/09 14:56,miller,valencia,dpaaaaaaaaa@jumpstartlab.com,21216,x,md,x,
1/30/09 14:58,parry,elizabeth,acombard@jumpstartlab.com,21216,x,md,x,
1/30/09 15:00,gill,juliet,tqnniferkrill@jumpstartlab.com,21216,x,md,x,
1/30/09 15:01,howell-dinger,catherine,arnneryis007@jumpstartlab.com,21216,x,md,x,
1/30/09 15:02,marchessault,andrea,ord9@jumpstartlab.com,21216,x,md,x,
1/30/09 15:04,mendez,jane,natowel@jumpstartlab.com,21216,x,md,x,
1/30/09 15:06,ray-mazumder,j,tmclaibo@jumpstartlab.com,21216,x,md,x,
1/30/09 15:09,finkel,lea,dugan@jumpstartlab.com,21216,x,md,x,
1/30/09 15:10,lynch,whitney,ahccernsv@jumpstartlab.com,21216,x,md,x,
1/30/09 15:11,moynahan,michael,hkianhalprin@jumpstartlab.com,21216,x,md,x,
1/30/09 15:13,webster,james,vouljosephpark@jumpstartlab.com,21216,x,md,x,
1/30/09 15:15,carodenuto,catherine,lipinski@jumpstartlab.com,21216,x,md,x,
1/30/09 15:17,heinichen,francesca,lynfranklin@jumpstartlab.com,21216,x,md,x,
1/30/09 15:18,shapiro,elise,aesout08@jumpstartlab.com,21216,x,md,x,
1/30/09 15:20,van eck,andreah,qxcthruhiker17@jumpstartlab.com,21216,x,md,x,
1/30/09 15:21,wright,marci,stratton@jumpstartlab.com,21216,x,md,x,
1/30/09 15:23,skaggs,mary,ijlldurrett@jumpstartlab.com,21216,x,md,x,
1/30/09 15:25,coleman,lorenzo,jjaslett@jumpstartlab.com,21216,x,md,x,
1/30/09 15:28,colehor,andrew,gjlupkin@jumpstartlab.com,21216,x,md,x,
1/30/09 15:29,laird,beth,umt24@jumpstartlab.com,21216,x,md,x,
1/30/09 15:31,dooley-feldman,arielle,kkccrory@jumpstartlab.com,21216,x,md,x,
1/30/09 15:33,maloney,katherine,rcng2106@jumpstartlab.com,21216,x,md,x,
1/30/09 15:34,uzuki,rebecca,gkpagecolby@jumpstartlab.com,21216,x,md,x,
1/30/09 15:36,brown,georgia,pikeAli27@jumpstartlab.com,21216,x,md,x,
1/30/09 15:38,griffin,euric,rcll32@jumpstartlab.com,21216,x,md,x,
1/30/09 15:40,jones,natalie,allegra@jumpstartlab.com,21216,x,md,x,
1/30/09 15:41,reese,stacy,leclare@jumpstartlab.com,21216,x,md,x,
1/30/09 17:50,bolton,charles,tfedina4@jumpstartlab.com,21224,baltimore,md,1010 S. Kenwood Ave.,
1/31/09 6:44,atcheson,tarini,xkracken@jumpstartlab.com,21045,columbia,md,8945 Footed Ridge,
1/31/09 12:02,marden,jamie,jenkins@jumpstartlab.com,20742,college park,md,"4230 Knox Road, Apt. 1530",
1/31/09 12:57,repka,lillian,nywaibi@jumpstartlab.com,20742,college park,md,3109 Cambridge,
1/31/09 14:19,weinstein,natalie,xuwilburn11@jumpstartlab.com,20742,college park,md,"247-9 Leonardtown Hall, University of Maryland",
1/31/09 14:22,cooper,nicholas,yyvidpcorrado@jumpstartlab.com,20740,college park,md,8000 Boteler Lane,
1/31/09 14:52,stewart,shannon,liarry@jumpstartlab.com,21250,baltimore,md,1000 Hilltop Circle,
1/31/09 16:26,manchada,melanie,gxudgens@jumpstartlab.com,20854,potomac,md,1492 Selworthy Rd,
1/31/09 17:27,frederick,steph,krott@jumpstartlab.com,29740,college park,md,8000 Boteler Lane Apt #124A,
1/31/09 17:50,siegel,tamara,dingbodu@jumpstartlab.com,21239,baltimore,md,6905 donachie rd apt f,
1/31/09 17:53,jeff,jay,pmahlstr@jumpstartlab.com,21286,towson,md,303 E. Burke Rd Apt C,
1/31/09 18:08,clancy,laurie,jk@jumpstartlab.com,20895,kensington,md,3115-8 university blvd west,
1/31/09 18:10,white,jane,fpikatri@jumpstartlab.com,21204,towson,md,8007 york rd apt C1,
1/31/09 18:11,brubaker,cara,tvnglese1@jumpstartlab.com,20742,college park,md,6121 Centreville Hall,
1/31/09 18:12,o'bryon,marcelino,jxrrieweikle@jumpstartlab.com,20740,college park,md,8000 Boteler Lane Apt. 124,
1/31/09 18:14,wang,jessica,vwinsa02@jumpstartlab.com,21093,lutherville,md,11209 greenspring ave,
1/31/09 18:18,suzor,kirsten,hwiderc@jumpstartlab.com,20740,college park,md,4603 harvard rd.,
1/31/09 18:21,dougherty,amanda,ukmitch07@jumpstartlab.com,20602,waldorf,md,607 wilson ln,
1/31/09 18:24,griffard,x,skmbolger@jumpstartlab.com,20646,la plata,md,6580 glendale place,
1/31/09 18:28,williams,sarah,dvjaff07@jumpstartlab.com,21136,reisterstown,md,14021 woodlings lane,
1/31/09 18:34,brisbois,sarah,wqlee0808@jumpstartlab.com,21218,baltimore,md,3043 Frisby St.,
1/31/09 18:34,santoro,kelly,davis@jumpstartlab.com,20912,takoma park,md,28 Lee Ave. Apt. 303,
1/31/09 18:37,ogutu,alice,ury1@jumpstartlab.com,21047,fallston,md,3327 charles st,
1/31/09 18:40,fonda-bonardi,stephen,rilking_contradiction_27@jumpstartlab.com,20601,waldorf,md,3802 brewster circle,
1/31/09 18:42,pfeffer,jordan,xfanjarr@jumpstartlab.com,20912,takoma park,md,251 manor circle,
1/31/09 18:45,nayeem,hilary,lhavis@jumpstartlab.com,20912,takoma park,md,251 manor circle,
1/31/09 19:29,syrig,charlotte,wwedellstiles@jumpstartlab.com,20782,hyattsville,md,6201 41st Ave,
1/31/09 19:36,reinauer,zachary,qrantiag@jumpstartlab.com,20742,college park,md,5218 Centreville,
1/31/09 19:56,barker,emma,rcberger@jumpstartlab.com,20816,bethesda,md,2 Bay Tree Lane,
2/1/09 9:32,zamudio,bradly,fyaronsmith@jumpstartlab.com,20742,college park,md,1102 Somerset Hall,
2/1/09 13:07,sager,megan,shindel@jumpstartlab.com,20781,hyattsville,md,4227 Oglethorpe St.,
2/1/09 14:14,gupta,null,sxhndoe14@jumpstartlab.com,20910,silver spring,md,"1133 E West Hwy, Ste 319-W",
2/1/09 16:45,doe,meredith,uimenez@jumpstartlab.com,20740,college park,md,8000 Travis Ln,
2/1/09 17:05,fencl,zach,smTAK@jumpstartlab.com,20740,college park,md,"8204 Baltimore Ave, Apt 718B",
2/1/09 18:45,zimmer,brandon,mmockc6@jumpstartlab.com,21701,frederick,md,401 Rosemont Ave.,
2/1/09 20:44,lazarowski,paul,qnudmer@jumpstartlab.com,20860,sandy spring,md,17714 Meetinghouse Rd,
2/1/09 20:49,august,shane,anhilips@jumpstartlab.com,20912,takoma park,md,1012 Heather Ave,
2/1/09 20:52,barns,leslie,ufoff@jumpstartlab.com,21788,thurmont,md,24 JerMae St,
2/1/09 20:53,parker,scott,qhuer321@jumpstartlab.com,20833,brookeville,md,19308 Alderbarn Ct,
2/1/09 21:09,patrick,shannon,foshankland@jumpstartlab.com,20850,rockvile,md,4 Vallingby Circle,
2/1/09 21:13,haskell,sophia,gbffb_123@jumpstartlab.com,20770,greenbelt,md,14-N Laurel Hill Road,
2/1/09 21:20,arnold,rose,oqenville@jumpstartlab.com,20906,silver spring,md,6 Middlebridge Ct,
2/1/09 21:23,dickson,alison,xoolloway10@jumpstartlab.com,20854,potomac,md,8158 Inverness Ridge Road,
2/1/09 21:27,xx,eliza,mary89@jumpstartlab.com,20854,potomac,md,11713 Charen Lane,
2/1/09 21:37,chronis,kirsten,frmooski@jumpstartlab.com,20723,laurel,md,10584 Hunters Way,
2/1/09 21:41,dewolf,dominique,xwh001@jumpstartlab.com,20901,silver spring,md,9407 Worth Ave,
2/1/09 21:45,wetherill,sam,fyvegetarian@jumpstartlab.com,20901,silver spring,md,10823 Margate Road,
2/1/09 21:48,comer,x,iaivings@jumpstartlab.com,20815,chevy chase,md,3708 Underwood Rd,
2/1/09 21:52,roy,katie,dhigsi01@jumpstartlab.com,20782,hyattsville,md,6201 41st Ave,
2/1/09 21:53,avendano,jessica,ruoore10@jumpstartlab.com,20902,silver spring,md,1814 August Dr,
2/1/09 21:56,marquis,lauren,fqenshen@jumpstartlab.com,20902,wheaton,md,2103 Hermitage Road,
2/1/09 21:59,spero,michael,kuhnline@jumpstartlab.com,20901,silver spring,md,8905 Sudbury Road,
2/1/09 22:09,theden,liam,psmcgrew@jumpstartlab.com,20905,silver spring,md,2217 Link Road,
2/1/09 22:13,siegler,stephanie,npmaho06@jumpstartlab.com,20782,university park,md,6905 Pineway Ave,
2/1/09 22:19,wofford,ruth,paallmeyer@jumpstartlab.com,20815,chevy chase,md,7423 Lynnhurst Street,
2/1/09 22:30,schwaneke,jane,fjh224@jumpstartlab.com,20850,rockville,md,310 Crabb Avenue,
2/1/09 22:35,tedrow,sajeewa,gerumber@jumpstartlab.com,20855,derwood,md,7710 Iron Forge Court,
2/1/09 22:37,mccall,rhiannon,plgermal@jumpstartlab.com,20742,college park,md,4111 Elkton Hall,
2/1/09 22:38,queen,shannen,manglik@jumpstartlab.com,20832,olney,md,4105 Alfalfa Terrace,
2/1/09 23:11,smith,meg,jy379@jumpstartlab.com,20740,college park,md,5024 Berwyn Road,
2/1/09 23:12,lkjklljlkj,arden,hslftylerblue@jumpstartlab.com,20742,college park,md,3106 Dorchester Hall,
2/1/09 23:20,baker,kara,bischoff@jumpstartlab.com,20912,takoma park,md,7600 Flower Ave.,
2/1/09 23:25,catellacci,genevieve,Kriegel@jumpstartlab.com,20742,college park,md,6109 Hagerstown Hall,
2/1/09 23:26,gromisch,eliza,lqmoresch@jumpstartlab.com,21701,frederick,md,8241 Black Hawk Court,
2/1/09 23:29,tale,dordt,qxope@jumpstartlab.com,20742,college park,md,5104 Denton Hall,
2/1/09 23:30,rueter,christian,xlean@jumpstartlab.com,21804,salisbury,md,224 Onley Road #103-A,
2/1/09 23:33,gosse,sarah,bsore@jumpstartlab.com,20912,takoma park,md,7600 Flower Ave.,
2/1/09 23:33,brummel,austin,lpldor_a@jumpstartlab.com,20740,college park,md,8000 Boteler Lane,
2/1/09 23:39,kolb,joseph,avdisido@jumpstartlab.com,20740,college park,md,8000 Boteler Lane,
2/1/09 23:43,holleb,seth,ouitlinef324@jumpstartlab.com,20740,college park,md,"4226 Guilford Drive, Apt A",
2/1/09 23:47,holdaway,jordan,ekazanec@jumpstartlab.com,20742,college park,md,8133 Hagerstown Hall,
2/1/09 23:53,gladfelter,lorena,ylnjen3323@jumpstartlab.com,21157,westminster,md,2 College Hill,
2/2/09 0:03,rawstron,ben,xjpivey@jumpstartlab.com,20782,hyattsville,md,6201 41st Ave,
2/2/09 0:07,butler,laura,drCyprian@jumpstartlab.com,20742,college park,md,247-9C New Leonardtown,
2/2/09 0:22,sorenson,jake,pqowen09@jumpstartlab.com,20740,college park,md,4902 Cherokee Street,
2/2/09 6:55,wolfson,kyle,gjethin@jumpstartlab.com,20712,mount rainier,md,4004 32nd St,
2/2/09 9:47,spence,kerry,cghsjp@jumpstartlab.com,20740,college park,md,7400 Columbia Ave,
2/2/09 10:30,aungst,dan,vmrthsaver@jumpstartlab.com,20657,lusby,md,12545 Catalina Drive,
